Signal,Mean,Standard Deviation,Standard Error
Generated Sine Wave,-6.843062605242636e-13,6.905794595056059e-13,6.90579459505606e-14
Kernel Function F,0.4,0.37416573867739417,0.11832159566199232
Resulting Signal,-2.511215634951426e-12,1.7982620136851588e-12,1.722422624422363e-13
