Signal,Mean,Standard Deviation,Standard Error
Generated Sine Wave,-6.843062605242636e-13,6.905794595056059e-13,6.90579459505606e-14
Kernel Function Daubechie wavelet,0.08838834764831845,0.2338535866733715,0.058463396668342875
Resulting Signal,-8.415262560436784e-13,8.488921898915868e-13,7.915960487515542e-14
